-- phpMyAdmin SQL Dump
-- version 5.0.2
-- https://www.phpmyadmin.net/
--
-- Хост: 127.0.0.1:3306
-- Время создания: Апр 01 2021 г., 09:06
-- Версия сервера: 10.3.22-MariaDB
-- Версия PHP: 7.1.33

SET SQL_MODE = "NO_AUTO_VALUE_ON_ZERO";
START TRANSACTION;
SET time_zone = "+00:00";


/*!40101 SET @OLD_CHARACTER_SET_CLIENT=@@CHARACTER_SET_CLIENT */;
/*!40101 SET @OLD_CHARACTER_SET_RESULTS=@@CHARACTER_SET_RESULTS */;
/*!40101 SET @OLD_COLLATION_CONNECTION=@@COLLATION_CONNECTION */;
/*!40101 SET NAMES utf8mb4 */;

--
-- База данных: `balances_limits`
--
CREATE DATABASE IF NOT EXISTS `balances_limits` DEFAULT CHARACTER SET utf8mb4 COLLATE utf8mb4_unicode_ci;
USE `balances_limits`;

-- --------------------------------------------------------

--
-- Структура таблицы `bills`
--

CREATE TABLE `bills` (
  `id` int(11) NOT NULL,
  `deal_id` int(11) NOT NULL,
  `number` varchar(45) COLLATE utf8mb4_unicode_ci NOT NULL,
  `summ` double NOT NULL,
  `date` date NOT NULL
) ENGINE=InnoDB DEFAULT CHARSET=utf8mb4 COLLATE=utf8mb4_unicode_ci;

--
-- Дамп данных таблицы `bills`
--

INSERT INTO `bills` (`id`, `deal_id`, `number`, `summ`, `date`) VALUES
(80, 51, '2', 6089, '2021-01-15'),
(81, 50, '2', 10935, '2021-01-15'),
(82, 59, '33', 1115, '2021-02-10'),
(83, 57, '33', 1315, '2021-02-10'),
(84, 28, '10', 112146, '2021-01-20'),
(85, 28, '11', 42307, '2021-01-20'),
(86, 32, '15', 42670, '2021-01-26'),
(87, 49, '1', 1500, '2021-01-31'),
(88, 74, '2104', 19792.55, '2021-01-31'),
(89, 28, '23', 96550, '2021-01-31'),
(90, 28, '54', 75452, '2021-02-10'),
(91, 41, '55', 21200, '2021-02-10'),
(92, 49, '43', 1500, '2021-02-28'),
(93, 28, '65', 34263, '2021-02-20'),
(94, 41, '55', 22800, '2021-02-10'),
(95, 28, '80', 282, '2021-02-28'),
(96, 41, '81', 55123, '2021-02-28'),
(97, 77, '43000010771', 546.22, '2021-01-11'),
(98, 139, '43000010772', 2808, '2021-01-11'),
(99, 76, '43000010775', 31746.31, '2021-01-11'),
(100, 76, '43000023903', 31746.31, '2021-02-01'),
(101, 77, '43000023901', 546.22, '2021-02-01'),
(102, 139, '43000023902', 2808, '2021-02-01'),
(103, 77, '43000031992', 546.22, '2021-03-01'),
(104, 139, '43000031993', 2808, '2021-03-01'),
(105, 76, '43000032043', 31746.31, '2021-03-01'),
(106, 30, 'УТ-847', 24842, '2021-01-25'),
(107, 31, 'УТ-847', 10345, '2021-01-25'),
(108, 31, 'УТ-848', 17245, '2021-01-25'),
(109, 35, 'УТ-999', 5610, '2021-01-29'),
(110, 36, 'УТ-999', 7718, '2021-01-29'),
(111, 60, 'УТ-1265', 45890, '2021-02-24'),
(112, 69, 'УТ-1985', 9526, '2021-02-25'),
(113, 69, 'УТ-1963', 18750, '2021-02-25'),
(114, 70, 'УТ-2132', 12196, '2021-03-01'),
(115, 42, '47', 6000, '2021-02-03'),
(116, 29, '48', 7616, '2021-02-03'),
(117, 44, '118', 8000, '2021-01-31'),
(118, 45, '954', 441.05, '2021-01-31'),
(119, 47, '826', 1359, '2021-01-31'),
(120, 47, '452', 3283.2, '2021-01-31'),
(121, 46, '242', 17680.66, '2021-01-31'),
(122, 45, '1013', 294.96, '2021-01-13'),
(123, 56, '23/2100041', 38607.28, '2021-02-15'),
(124, 47, '1270', 3283.2, '2021-02-28'),
(125, 46, '1723', 21828.56, '2021-02-28'),
(126, 47, '1881', 682.2, '2021-02-28'),
(127, 45, '2011', 879.72, '2021-02-28'),
(128, 45, '2066', 463.01, '2021-02-28'),
(129, 27, '019022у00000042', 15000, '2021-01-19'),
(130, 88, '3/01', 583509.95, '2021-03-15'),
(132, 109, '14', 13000, '2021-02-12'),
(133, 110, '11', 171500, '2021-02-01'),
(134, 115, '35', 164500, '2021-02-27'),
(135, 114, '2', 140000, '2021-01-20'),
(136, 117, '12', 157500, '2021-02-12'),
(137, 29, '115', 4760, '2021-03-16'),
(138, 125, 'ЦБ-151', 94500, '2021-02-09'),
(139, 128, '3', 137969.27, '2021-01-12'),
(140, 129, '133', 30154.24, '2021-02-08'),
(141, 129, '64', 134028.26, '2021-01-28'),
(142, 130, '213', 72232, '2021-02-25'),
(143, 124, '1', 91280, '2021-01-04'),
(144, 102, '11', 48568.5, '2021-01-11'),
(145, 100, '1', 58926, '2021-01-11'),
(146, 104, '11', 35877.86, '2021-05-21'),
(147, 106, '9', 88400, '2021-01-16'),
(148, 106, '12', 265200, '2021-01-12'),
(149, 135, '100', 11436.13, '2021-01-26'),
(150, 135, '38', 10878.27, '2021-01-22'),
(151, 121, '1', 17100, '2021-01-20'),
(152, 106, '23', 88400, '2021-01-23'),
(153, 136, '37', 9684, '2021-01-19'),
(155, 106, '26', 88400, '2021-01-25'),
(156, 106, '31', 88400, '2021-01-28'),
(157, 106, '15', 88400, '2021-01-20'),
(158, 100, '3', 47140.8, '2021-01-27'),
(180, 152, '0000-000053', 1238, '2021-03-01'),
(181, 153, '0000-000052', 8775, '2021-03-01'),
(183, 106, '34', 88400, '2021-01-30'),
(184, 112, '10', 3402, '2021-01-25'),
(185, 111, '7', 45096, '2021-01-26'),
(186, 120, '8', 13413.6, '2021-01-25'),
(187, 161, '116', 10000, '2021-02-01'),
(188, 162, '5', 135186, '2021-01-18'),
(189, 163, '4', 302534, '2021-01-18'),
(190, 164, '3', 159599, '2021-01-18'),
(191, 131, '65', 37794.55, '2021-01-27'),
(192, 165, '124', 10560, '2021-02-03'),
(193, 100, '4', 56120, '2021-01-31'),
(194, 33, '36', 2250, '2021-01-27'),
(195, 34, '12', 2400, '2021-01-27'),
(196, 101, '5', 61879.32, '2021-01-31'),
(197, 106, '37', 442000, '2021-01-30'),
(198, 39, '24', 12548, '2021-02-01'),
(199, 37, '41', 6000, '2021-02-01'),
(200, 38, '24', 25544, '2021-02-01'),
(201, 136, '99', 15697.29, '2021-01-26'),
(202, 136, '161', 14613.54, '2021-02-01'),
(203, 124, '115', 31296, '2021-02-02'),
(204, 132, '129', 2265.94, '2021-02-07'),
(205, 132, '63', 83248.07, '2021-01-27'),
(218, 136, '478', 10978.74, '2021-03-01'),
(219, 137, '1965-328', 354632.99, '2021-02-27'),
(220, 136, '523', 16472.08, '2021-03-08'),
(221, 135, '522', 11157.2, '2021-03-08'),
(222, 75, '137', 21183.36, '2021-02-27'),
(223, 75, '114', 24733.98, '2021-01-30'),
(224, 126, '4921', 29924.37, '2021-03-18'),
(225, 188, '90', 2900, '2021-03-18'),
(226, 187, '90', 140, '2021-03-18'),
(227, 41, '67', 55860, '2021-02-19'),
(228, 100, '9', 56120, '2021-03-01'),
(229, 119, '47', 17358, '2021-03-22'),
(230, 116, '46', 17496, '2021-03-22'),
(231, 118, '45', 53300, '2021-03-22'),
(232, 189, '43', 171500, '2021-03-22'),
(233, 100, '17', 63415.6, '2021-03-22'),
(234, 190, '79', 1725, '2021-03-18'),
(235, 191, '79', 5800, '2021-03-18'),
(236, 192, 'УТ-3065', 4160, '2021-03-25'),
(237, 122, '425', 16879, '2021-03-23'),
(238, 193, '00000218', 14840.13, '2021-03-23'),
(239, 106, '104', 442000, '2021-03-25'),
(240, 194, '106', 22122.2, '2021-03-25'),
(241, 195, '106', 1321, '2021-03-25'),
(242, 122, '188', 8308.47, '2021-02-17'),
(243, 122, '258', 10577.29, '2021-03-02'),
(244, 196, 'УТ-3180', 3715, '2021-03-29'),
(245, 197, '119', 18100, '2021-03-25'),
(246, 198, '105', 132255, '2021-03-24'),
(247, 200, 'УЦ99-000200', 6000, '2021-03-21'),
(248, 201, 'УЦ99-000199', 10000, '2021-03-21'),
(249, 131, '212', 41466.28, '2021-02-25'),
(250, 131, '131', 19699.2, '2021-02-07'),
(251, 104, '56', 18115, '2021-02-17');

-- --------------------------------------------------------

--
-- Структура таблицы `deals`
--

CREATE TABLE `deals` (
  `id` int(11) NOT NULL,
  `number` varchar(15) COLLATE utf8mb4_unicode_ci NOT NULL,
  `date` date NOT NULL,
  `product` varchar(45) COLLATE utf8mb4_unicode_ci NOT NULL,
  `summ` double NOT NULL,
  `partner` varchar(45) COLLATE utf8mb4_unicode_ci NOT NULL,
  `limit_id` int(11) DEFAULT NULL
) ENGINE=InnoDB DEFAULT CHARSET=utf8mb4 COLLATE=utf8mb4_unicode_ci;

--
-- Дамп данных таблицы `deals`
--

INSERT INTO `deals` (`id`, `number`, `date`, `product`, `summ`, `partner`, `limit_id`) VALUES
(27, '7.5.1.1/1392', '2021-01-21', 'Почтовые услуги', 15000, 'АО Почта России', 50),
(28, '223/1', '2021-01-01', 'ГСМ', 361000, 'ИП Чудинова АВ', 37),
(29, '223/10', '2021-01-21', 'Заправка картриджей', 23800, 'ИП Шершенихин РВ', 31),
(30, '223/5', '2021-01-25', 'Автомасла', 24842, 'ИП Овчинникова МС', 37),
(31, '223/5', '2021-01-25', 'Автозапчасти', 27590, 'ИП Овчинникова МС', 47),
(32, '6', '2021-01-26', 'Стройматериалы', 42670, 'ИП Нефедова НА', 48),
(33, '223/13', '2021-01-28', 'Арматура', 2250, 'ИП Николенко НВ', 48),
(34, '223/07', '2021-01-28', 'Дрожжи', 2400, 'ИП Карнаухов АВ', 44),
(35, '223/12', '2021-01-29', 'Автозапчасти', 5610, 'ИП Овчинникова МС', 47),
(36, '223/12', '2021-01-29', 'Автомасла', 7718, 'ИП Овчинникова МС', 37),
(37, '223/15', '2021-01-28', 'Перчатки', 6000, 'ИП Николенко НВ', 47),
(38, '223/16', '2021-02-02', 'Разное к свинарнику', 25544, 'ООО Мастер', 47),
(39, '223/16', '2021-02-02', 'Разное к свинарнику', 12548, 'ООО Мастер', 48),
(40, '223/17', '2021-02-02', 'Стройматериалы', 3654, 'ИП Николенко НВ', 48),
(41, '223/18', '2021-02-05', 'ГСМ', 238800, 'ИП Чудинова АВ', 37),
(42, '223/19', '2021-02-05', 'Ремонт принтера', 6000, 'ИП Шершенихин РВ', 31),
(43, '223/20', '2021-02-09', 'Полотно к пиле', 25800, 'ООО Проект', 47),
(44, '223/21', '2021-01-11', 'Информ-конс услуги по 1С', 8000, 'ИП Аллянова АА', 27),
(45, '12218/21-РТК', '2021-01-11', 'Связь внутризоновая, междугородная', 17500, 'ПАО Ростелеком', 50),
(46, '12217', '2021-01-11', 'Интернет', 271900, 'ООО Иркутскэнергосвязь', 49),
(47, '12218', '2021-01-01', 'Телефон и зоновые переговоры', 60000, 'ООО Иркутскэнергосвязь', 50),
(48, '3287', '2021-02-01', 'Сопровождение ПП Гарант', 29700, 'ООО Гарант-Специалист', 27),
(49, '1/21', '2021-01-11', 'ТО пожарной сигнализации', 15000, 'ЧРО ВДПО', 29),
(50, '223/02', '2021-01-15', 'Хозтовары', 10935, 'ИП Нефедова НА', 47),
(51, '223/02', '2021-01-15', 'Строй Хозтовары', 6089, 'ИП Нефедова НА', 48),
(52, '32', '2021-02-01', 'Нагрудный знак', 21390, 'ОО Союз социальных работников республики Саха', 45),
(53, '223/24', '2021-02-09', 'Арматура', 9300, 'ИП Николенко НВ', 48),
(55, '68-21/601М-21', '2021-01-21', 'ФБУ Иркутский ЦСМ', 85666.4, 'ФБУ Иркутский ЦСМ', 31),
(56, '68-21/014МТ-21', '2021-01-21', 'услуги по поверке приборов учета', 154429.12, 'ФБУ Иркутский ЦСМ', 31),
(57, '223/23', '2021-02-10', 'Стройматериалы', 1315, 'ИП Нефедова НА', 48),
(59, '223/23', '2021-02-10', 'Хозтовары', 1115, 'ИП Нефедова НА', 47),
(60, '223/25', '2021-02-17', 'Автозапчасти', 45890, 'ИП Овчинникова МС', 47),
(61, '223/26', '2021-02-17', 'Автозапчасти', 2740, 'ИП Мясников СГ', 47),
(62, '223/26', '2021-02-17', 'Автомасла', 13605, 'ИП Мясников СГ', 37),
(64, '223/27', '2021-02-17', 'Рации', 16335, 'ИП Богданов СА', 42),
(65, '223/28', '2021-02-16', 'Энцевир', 25150, 'МУП ЦРА №135', 38),
(66, '223/39', '2021-02-22', 'Продукты', 35173, 'МУП ЦРА №135', 44),
(67, 'Ф/380205-02-ТП', '2021-02-24', 'Сопровождение ПП Фарватер', 10000, 'ООО Фарватер', 27),
(69, '223/32', '2021-02-24', 'Автозапчасти', 28276, 'ИП Овчинникова МС', 47),
(70, '223/34', '2021-03-01', 'Автозапчасти', 12196, 'ИП Овчинникова МС', 47),
(71, '09.0004.21ТИ', '2021-01-15', 'Техническая инвентаризация', 14225.81, 'ООО Земля и право', 28),
(72, 'бн', '2021-02-15', 'Журналы', 1100, 'ООО Северный край', 47),
(73, '223/35', '2021-03-04', 'Термометры', 3480, 'МУП ЦРА №135', 42),
(74, 'Чн1-01697/21', '2021-01-11', 'Вывоз ТБО', 226612.98, 'ООО РСО', 26),
(75, '20/21 (44-ФЗ)', '2021-01-11', 'Сброс и очистка сточных вод', 68906.1, 'ООО Центральная котельная', 26),
(76, '351/44 (44-ФЗ)', '2021-01-11', 'ТО пожарной сигнализации', 380955.72, 'ФГУП Охрана Росгвардии', 29),
(77, '350', '2021-01-11', 'Охрана, сигнализация', 6554.64, 'ФГУП Охрана Росгвардии', 31),
(78, '223/36', '2021-03-04', 'Стройматериалы', 3240, 'ИП Николенко НВ', 48),
(80, '223/39', '2021-03-11', 'ГСМ', 134500, 'ИП Чудинова АВ', 37),
(88, '223/37', '2021-03-01', 'текущий ремонт полов в гараже', 583509.95, 'ИП Панамарчук ПЮ', 30),
(95, '10', '2021-03-12', 'глюкоза', 48, 'ОГБУ Тайшетская СББЖ', 38),
(96, '10', '2021-03-12', 'Корм', 2480, 'ОГБУ Тайшесткая СББЖ', 47),
(97, 'бн', '2021-03-15', 'Расходные материалы', 13771, 'ИП Нефедова НА', 47),
(98, 'бн', '2021-03-15', 'стройматериалы', 990, 'ИП Нефедова НА', 48),
(100, '2020.4873', '2020-12-28', 'Продукты говядина', 826654.32, 'ИП Аббасова ТВ', 44),
(101, '2020.5313', '2021-01-27', 'Продукты свинина', 893610.18, 'ИП Аббасова ТВ', 43),
(102, '2020.0096', '2020-12-14', 'Продукты масло растительное, маргарин', 177862.84, 'ИП Галимжанова ОН', 43),
(103, '2020.0099', '2020-12-10', 'Продукты сухофрукты', 59480.21, 'ИП Дадоджонов МЮ', 43),
(104, '2020.0097', '2020-12-10', 'Продукты крупы', 180165.96, 'ИП Дадоджонов МЮ', 44),
(105, '2020.4654', '2020-12-18', 'Уголь', 2249000, 'ИП Моисеев АВ', 34),
(106, '2020.4654', '2020-12-18', 'Уголь', 2249000, 'ИП Моисеев АВ', 35),
(108, '2020.0104', '2020-12-10', 'Продукты минтай', 59757.15, 'ИП Карнаухов АВ', 43),
(109, '2020.0105', '2020-12-14', 'Продукты салат из морской капусты', 13000, 'ИП Карнаухов АВ', 43),
(110, '44/09', '2021-02-10', 'Продукты питания', 171500, 'ИП Карнаухов АВ', 44),
(111, '2020.0095', '2020-12-09', 'Сахар', 101456, 'ИП Карнаухов АВ', 43),
(112, '2020.0106', '2020-12-15', 'Сметана', 63000, 'ИП Карнаухов АВ', 43),
(113, '44/38', '2021-03-11', 'Продукты питания', 100500, 'ИП Карнаухов АВ', 44),
(114, '44/03', '2021-01-20', 'Продукты питания', 140000, 'ИП Карнаухов АВ', 44),
(115, '44/30', '2021-02-26', 'Продукты питания', 164500, 'ИП Карнаухов АВ', 44),
(116, '2020.0119', '2021-01-11', 'Яйцо куринное', 175073.84, 'ИП Карнаухов АВ', 44),
(117, '44/22', '2021-02-12', 'Продукты питания', 157500, 'ИП Карнаухов АВ', 44),
(118, '2020.0100', '2020-12-10', 'Мука', 298377.15, 'ИП Карнаухов АВ', 44),
(119, '2020.0101', '2020-12-14', 'Мясо птицы', 86788.17, 'ИП Карнаухов АВ', 43),
(120, '2020.0118', '2020-12-21', 'Рыба', 131172.8, 'ИП Карнаухов АВ', 44),
(121, '2020.0121', '2021-01-11', 'Комбикорм', 170820, 'ИП Карнаухов АВ', 47),
(122, '2020.0103', '2020-12-14', 'Овощи свежие', 239485.81, 'ООО Фруктов', 44),
(123, '2020.0116', '2020-12-22', 'Фрукты', 150573.14, 'ООО Фруктов', 43),
(124, '2020.0107', '2020-12-15', 'Картофель', 230689.08, 'ООО Фруктов', 44),
(125, '44/11', '2021-02-01', 'Маски', 94500, 'ООО Велес', 38),
(126, '2020.0112', '2020-12-21', 'Печенье', 29924.37, 'ООО КМК', 43),
(127, '44/04', '2021-02-01', 'Молоко сухое', 185500, 'ООО Правильный выбор', 43),
(128, '2020.0120', '2021-01-11', 'Бумага офисная', 137969.27, 'ООО Союз', 47),
(129, '2020.0114', '2020-12-25', 'Овощи консервированные', 164182.5, 'ООО Сибирский продукт', 44),
(130, '2020.0117', '2020-12-28', 'Сайра', 72232, 'ООО Сибирский продукт', 44),
(131, '2020.0098', '2020-12-14', 'Бакалея', 330026.88, 'ООО Сибирский продукт', 43),
(132, '2020.0110', '2020-12-25', 'Бакалея2', 207893.53, 'ООО Сибирский продукт', 43),
(133, '2020.0102', '2020-12-21', 'Сок', 36385.95, 'ООО Сибирский продукт', 44),
(134, '2020.0111', '2020-12-28', 'Сыр', 93764, 'ООО Сибирский продукт', 44),
(135, '2020.0108', '2020-12-21', 'Творог', 139464.17, 'СПССПК Шелеховское молоко', 43),
(136, '2020.0109', '2020-12-21', 'Кисломолочные продукты', 138766.68, 'СПССПК Шелеховское молоко', 44),
(137, '328', '2021-01-25', 'электроэнергия', 3800000, 'ООО Иркутская энергосбытовая компания', 57),
(138, '328', '2021-01-25', 'электроэнергия', 100000, 'ООО Иркутская энергосбытовая компания', 51),
(139, '350', '2021-01-11', 'Охрана, сигнализация', 33696, 'ФГУП Охрана Росгвардии', 28),
(142, '223/40', '2021-03-11', 'Журналы', 20770, 'ООО Полиграфист', 47),
(152, '9', '2021-01-11', 'медикаменты', 1238, 'ОГБУ Тайшетская СББЖ', 38),
(153, '21', '2021-02-26', 'Услуги ветеринарные', 8775, 'ОГБУ Тайшетская СББЖ', 31),
(158, '2021.0004', '2021-03-15', 'ГСМ (ДТ)', 499500, 'ООО РусНафта', 37),
(159, '2021.0005', '2021-03-15', 'ГСМ (Бензин)', 499219.6, 'ООО РусНафта', 37),
(161, 'Приказ №0-37-к', '2021-02-01', 'ГСМ', 10000, 'Авансовый отчет Захаревич СП', 37),
(162, '223-СЗ/8', '2021-01-19', 'Стол заказов', 135186, 'ИП Карнаухов АВ', 47),
(163, '223-СЗ/8', '2021-01-19', 'Стол заказов', 302534, 'ИП Карнаухов АВ', 47),
(164, '223-СЗ/8', '2021-01-19', 'Стол заказов', 159599, 'ИП Карнаухов АВ', 47),
(165, 'Приказ №0-40-к', '2021-02-02', 'ГСМ', 10560, 'Авансовый отчет Глянцев ПЮ', 37),
(187, '223/47', '2021-03-19', 'Стройматерилы', 140, 'ИП Николенко НВ', 48),
(188, '223/47', '2021-03-19', 'Расходники для строительства', 2900, 'ИП Николенко НВ', 47),
(189, '44/45', '2021-03-19', 'Продукты питания', 171500, 'ИП Карнаухов АВ', 44),
(190, 'бн', '2021-03-19', 'Расходные материалы', 1725, 'ИП Нефедова НА', 47),
(191, 'бн', '2021-03-19', 'Расходные материалы', 5800, 'ИП Нефедова НА', 48),
(192, '223/49', '2021-03-26', 'Автозапчасти', 4160, 'ИП Овчинникова МС', 47),
(193, '144-г/д', '2021-02-10', 'Дезинфекция', 201947.32, 'ФБУЗ Центр гигиены и эпидемиологии в Ио', 31),
(194, '223/50', '2021-03-26', 'Материалы', 22122.2, 'ООО Мастер', 47),
(195, '223/50', '2021-03-26', 'Материалы', 1321, 'ООО Мастер', 48),
(196, '223/52', '2021-03-30', 'Шрус УАЗ', 3715, 'ИП Овчинникова МС', 47),
(197, '223/31', '2021-03-26', 'Колодка, топоры', 18100, 'ООО Мастер', 47),
(198, '223/48', '2021-03-25', 'Расходники для строительства', 132255, 'ИП Николенко НВ', 47),
(199, '223/51', '2021-03-29', 'Строительные и расходные материалы', 17546, 'ИП Нефедова НА', 48),
(200, '8-Д-КПК/2021', '2021-03-17', 'Обучение Кизина МА', 6000, 'ОГБУДПО Учебно-методический центр', 27),
(201, '114-ПП/2021', '2021-03-18', 'Обучение Зотова ЕВ', 10000, 'ОГБУДПО Учебно-методический центр', 27);

-- --------------------------------------------------------

--
-- Структура таблицы `limits`
--

CREATE TABLE `limits` (
  `id` int(11) NOT NULL,
  `name` text COLLATE utf8mb4_unicode_ci NOT NULL,
  `kvr` varchar(3) COLLATE utf8mb4_unicode_ci NOT NULL,
  `kosgu` varchar(3) COLLATE utf8mb4_unicode_ci NOT NULL,
  `kvfo` varchar(1) COLLATE utf8mb4_unicode_ci NOT NULL,
  `ok` varchar(17) COLLATE utf8mb4_unicode_ci NOT NULL,
  `summ` double NOT NULL
) ENGINE=InnoDB DEFAULT CHARSET=utf8mb4 COLLATE=utf8mb4_unicode_ci;

--
-- Дамп данных таблицы `limits`
--

INSERT INTO `limits` (`id`, `name`, `kvr`, `kosgu`, `kvfo`, `ok`, `summ`) VALUES
(26, 'Коммунальные услуги', '244', '223', '2', '80611100000000000', 350000),
(27, 'Прочие работы, услуги (инф-коммуник технолог)', '244', '226', '2', '80611000000000000', 200000),
(28, 'Прочие работы, услуги', '244', '226', '2', '80699900000000000', 2000000),
(29, 'Работы, услуги по содержанию имущества (противопожарные мероприятия)', '244', '225', '2', '80610700000000000', 421206.36),
(30, 'Работы, услуги по содержанию имущества (текущий ремонт)', '244', '225', '2', '80610800000000000', 1630000),
(31, 'Работы, услуги по содержанию имущества', '244', '225', '2', '80699900000000000', 900000),
(32, 'Страхование', '244', '227', '2', '80699900000000000', 50000),
(33, 'Транспортные услуги', '244', '222', '2', '80699900000000000', 10000),
(34, 'Увеличение стоимости ГСМ (Уголь)', '244', '343', '4', '80610400000000000', 3249000),
(35, 'Увеличение стоимости ГСМ (Уголь)', '244', '343', '2', '80610400000000000', 3498000),
(36, 'Увеличение стоимости ГСМ (Топливо)', '244', '343', '4', '80699900000000000', 1000000),
(37, 'Увеличение стоимости ГСМ (Топливо)', '244', '343', '2', '80699900000000000', 2350000),
(38, 'Увеличение стоимости лекарственных препаратов', '244', '341', '2', '80699900000000000', 1000000),
(39, 'Увеличение стоимости мягкого инвентаря', '244', '345', '4', '80699900000000000', 986086.42),
(40, 'Увеличение стоимости мягкого инвентаря', '244', '345', '2', '80699900000000000', 500000),
(41, 'Увеличение стоимости основных средств', '244', '310', '5', '80699900000000000', 500000),
(42, 'Увеличение стоимости основных средств', '244', '310', '2', '80699900000000000', 3317996.23),
(43, 'Увеличение стоимости продуктов питания', '244', '342', '4', '80699900000000000', 2500000),
(44, 'Увеличение стоимости продуктов питания', '244', '342', '2', '80699900000000000', 8500000),
(45, 'Увеличение стоимости прочих материальных запасов однократного применения', '244', '349', '2', '80699900000000000', 100000),
(46, 'Увеличение стоимости прочих оборотных запасов (материалов)', '244', '346', '5', '80699900000000000', 640000),
(47, 'Увеличение стоимости прочих оборотных запасов (материалов)', '244', '346', '2', '80699900000000000', 7806932.08),
(48, 'Увеличение стоимости строительных материалов', '244', '344', '2', '80699900000000000', 430000),
(49, 'Услуги связи (интернет)', '244', '221', '2', '80611000000000000', 330000),
(50, 'Услуги связи', '244', '221', '2', '80699900000000000', 140000),
(51, 'Коммунальные услуги (электроэнергия)', '247', '223', '2', '80611100000000000', 100000),
(57, 'Коммунальные услуги (электроэнергия)', '247', '223', '4', '80611100000000000', 3800000);

-- --------------------------------------------------------

--
-- Структура таблицы `payments`
--

CREATE TABLE `payments` (
  `id` int(11) NOT NULL,
  `limit_id` int(11) NOT NULL,
  `number` varchar(45) COLLATE utf8mb4_unicode_ci NOT NULL,
  `summ` double NOT NULL,
  `date` date NOT NULL,
  `purpose_of_payment` text COLLATE utf8mb4_unicode_ci DEFAULT NULL,
  `partner` text COLLATE utf8mb4_unicode_ci NOT NULL
) ENGINE=InnoDB DEFAULT CHARSET=utf8mb4 COLLATE=utf8mb4_unicode_ci;

--
-- Дамп данных таблицы `payments`
--

INSERT INTO `payments` (`id`, `limit_id`, `number`, `summ`, `date`, `purpose_of_payment`, `partner`) VALUES
(1, 47, '2', 10935, '2021-01-17', 'Оплата за электротовары согласно счета №2 от 15 января 2021г. по договору № 223/02 от 15.01.2021г. без НДС', 'Индивидуальный предприниматель Нефедова Наталья Александровна'),
(2, 48, '1', 6089, '2021-01-17', 'Оплата за строительные материалы согласно счета №2 от 15 января 2021г. по договору № 223/02 от 15.01.2021г. без НДС', 'Индивидуальный предприниматель Нефедова Наталья Александровна'),
(3, 50, '17', 15000, '2021-01-19', 'Оплата за почтовые услуги согласно счета №019022у00000042 от 19 января 2021г. по договору № 7.5.1.1./1392 от 30.12.2020 в т.ч. НДС 2500', 'УФПС Иркутской области'),
(4, 35, '59', 265200, '2021-01-27', 'Оплата за уголь по счету №4 от 12 января 2021г. Контракт №2020.4654 от 18.12.20г. без НДС', 'Индивидуальный предприниматель ИП Моисеев Александр Владимирович'),
(5, 43, '66', 11436.13, '2021-01-27', 'Оплата за творог с/ф №100 от 26.01.2021г. Контракт №2020.0108 от 21.12.2020г.б ез НДС', 'Сельскохозяйственный потребительский снабженческо-сбытовой перерабатывающий кооператив \"Шелеховское молоко\"'),
(6, 37, '82', 112146, '2021-01-27', 'Оплата за бензин, дизельное топливо по с/ф № 10 от 20 января 2021г Договор №223/1 от 01.01.2021г.в т.ч. НДС 18691', 'Индивидуальный предприниматель Чудинова Анна Владимировна'),
(7, 35, '60', 88400, '2021-01-27', 'Оплата за уголь по счету №9 от 16 января 2021г. Контракт №2020.4654 от 18.12.20г. без НДС', 'Индивидуальный предприниматель ИП Моисеев Александр Владимирович'),
(8, 43, '65', 10878.27, '2021-01-27', 'Оплата за творог с/ф №38 от 22.01.2021г. Контракт №2020.0108 от 21.12.2020г. без НДС', 'Сельскохозяйственный потребительский снабженческо-сбытовой перерабатывающий кооператив \"Шелеховское молоко\"'),
(9, 47, '80', 17245, '2021-01-27', 'Оплата за запчасти по счету №УТ-848 от 25 января 2021г. Договор №223/5 от 25.01.21г. без НДС', 'Индивидуальный предприниматель Овчинникова Марина Сергеевна'),
(10, 47, '81', 137969.27, '2021-01-27', 'Оплата за бумагу по счету №3 от 12 января 2021г. Контракт №2020.0120 от 11.01.21г. без НДС', 'Общество с ограниченной ответственностью \"Союз\"'),
(11, 44, '68', 35877.96, '2021-01-27', 'Оплата за крупы по счету №11 от 21 января 2021г. Контракт №2020.0097 от 09.12.2020г. без НДС', 'Индивидуальный предприниматель ИП Дадоджонов Мансурджон Юлдошматович'),
(12, 44, '70', 47140.8, '2021-01-27', 'Оплата за мясо говядины по счету №3 от 27 января 2021г. Контракт №2020.4873 от 28.12.2020г. без НДС', 'Индивидуальный предприниматель ИП Аббасова Татьяна Васильевна'),
(13, 47, '76', 17100, '2021-01-27', 'Оплата за комбикорм по счету №1 от 20 января 2021г. Контракт №2020.0121 от 11.01.21г.без. НДС', 'Индивидуальный предприниматель Карнаухов Артем Викторович'),
(14, 48, '79', 42670, '2021-01-27', 'Оплата за стройматериалы согласно счета № 15 от 26 января 2021г. по договору № 223/6 от 26.01.2021г. без НДС', 'Индивидуальный предприниматель Нефедова Наталья Александровна'),
(15, 44, '75', 140000, '2021-01-27', 'Оплата за продукты по счету №2 от 20 января 2021г. Контракт №44/03 от 20.01.21г.без. НДС', 'Индивидуальный предприниматель Карнаухов Артем Викторович'),
(16, 37, '78', 24842, '2021-01-27', 'Оплата за ГСМ (масла) по счету №УТ-847 от 25 января 2021г. Договор №223/5 от 25.01.21г. без НДС', 'Индивидуальный предприниматель Овчинникова Марина Сергеевна'),
(17, 35, '62', 88400, '2021-01-27', 'Оплата за уголь по счету №23 от 23 января 2021г. Контракт №2020.4654 от 18.12.20г. без НДС', 'Индивидуальный предприниматель ИП Моисеев Александр Владимирович'),
(18, 44, '67', 9684, '2021-01-27', 'Оплата за кефир, ряженку с/ф №37 от 19.01.2021г. Контракт №2020.0109 от 21.12.2020г. без НДС', 'Сельскохозяйственный потребительский снабженческо-сбытовой перерабатывающий кооператив \"Шелеховское молоко\"'),
(19, 43, '72', 48568.5, '2021-01-27', 'Оплата за маргарин, масло подсолнечное по счету № 11 от 14 января 2021г. Контракт №2020.0096 от 14.12.2020г.без НДС', 'Индивидуальный предприниматель ИП Галимжанова Ольга Николаевна'),
(20, 35, '63', 88400, '2021-01-27', 'Оплата за уголь по счету №26 от 25 января 2021г. Контракт №2020.4654 от 18.12.20г. без НДС', 'Индивидуальный предприниматель ИП Моисеев Александр Владимирович'),
(21, 35, '61', 88400, '2021-01-27', 'Оплата за уголь по счету №15 от 20 января 2021г. Контракт №2020.4654 от 18.12.20г. без НДС', 'Индивидуальный предприниматель ИП Моисеев Александр Владимирович'),
(22, 44, '69', 91280, '2021-01-27', 'Оплата за картофель по счету №1 от 04 января 2021г. Контракт №2020.0107 от 15.12.2020г. без НДС', 'ОБЩЕСТВО С ОГРАНИЧЕННОЙ ОТВЕТСТВЕННОСТЬЮ \"ФРУКТОВ\"'),
(23, 44, '71', 58926, '2021-01-27', 'Оплата за мясо говядины по счету № 1 от 11 января 2021г. Контракт №2020.4873 от 28.12.2020г. без НДС', 'Индивидуальный предприниматель ИП Аббасова Татьяна Васильевна'),
(24, 37, '74', 42307, '2021-01-27', 'Оплата за бензин, дизельное топливо по с/ф № 11 от 20 января 2021г Договор №223/1 от 01.01.2021г.в т.ч. НДС 7051.17', 'Индивидуальный предприниматель Чудинова Анна Владимировна'),
(25, 47, '77', 10345, '2021-01-27', 'Оплата за запчасти по счету №УТ-847 от 25 января 2021г. Договор №223/5 от 25.01.21г. без НДС', 'Индивидуальный предприниматель Овчинникова Марина Сергеевна'),
(26, 43, '105', 3402, '2021-01-31', 'Оплата за сметану по счету №10 от 26 января 2021г. Контракт №2020.0106 от 15.12.20г.без. НДС', 'Индивидуальный предприниматель Карнаухов Артем Викторович'),
(27, 43, '107', 45096, '2021-01-31', 'Оплата за сахар по счету №7 от 26 января 2021г. Контракт №2020.0095 от 09.12.20г.без. НДС', 'Индивидуальный предприниматель Индивидуальный предприниматель Карнаухов Артем Викторович'),
(28, 35, '108', 88400, '2021-01-31', 'Оплата за уголь по счету №31 от 28 января 2021г. Контракт №2020.4654 от 18.12.20г. без НДС', 'Индивидуальный предприниматель ИП Моисеев Александр Владимирович'),
(29, 44, '106', 13413.6, '2021-01-31', 'Оплата за сельдь соленую по счету №8 от 26 января 2021г. Контракт №2020.0118 от 21.12.20г.без. НДС', 'Индивидуальный предприниматель Карнаухов Артем Викторович'),
(30, 37, '116', 10000, '2021-02-01', 'Оплата за ГСМ на основании заявления Захаревич Сергея Петровича согласно приказа №0-37-к от 01.02.2021г.л/сч 40817810718352498775 соотв с договорам 18355099 от 18.02.2013', 'Байкальский банк Сбербанка России,Иркутское отделение 8586'),
(31, 47, '122', 135186, '2021-02-02', 'Оплата за товар для Стола заказов по счету №5 от 19 января 2021г. Договор №223-СЗ/8 от 19.01.21г.без. НДС', 'Индивидуальный предприниматель Карнаухов Артем Викторович'),
(32, 47, '120', 302534, '2021-02-02', 'Оплата за товар для стола заказов по счету №4 от 19 января 2021г. Договор №223-СЗ/8 от 19.01.21г.без. НДС', 'Индивидуальный предприниматель Карнаухов Артем Викторович'),
(33, 43, '117', 37794.55, '2021-02-02', 'Оплата за продукты согласно счета №65 от 28 января 2021г. Контракт № 2020.0098 от 14.12.2020г. без НДС', 'Общество с ограниченной ответственностью «Сибирский продукт»'),
(34, 37, '118', 96550, '2021-02-02', 'Оплата за бензин, дизельное топливо по с/ф № 23 от 31 января 2021г Договор №223/1 от 01.01.2021г.в т.ч. НДС 16091.67', 'Индивидуальный предприниматель Чудинова Анна Владимировна'),
(35, 47, '121', 159599, '2021-02-02', 'Оплата за товар для Стола заказов по счету №3 от 19 января 2021г. Договор №223-СЗ/8 от 19.01.21г.без. НДС', 'Индивидуальный предприниматель Карнаухов Артем Викторович'),
(36, 35, '119', 88400, '2021-02-02', 'Оплата за уголь по счету №34 от 31 января 2021г. Контракт №2020.4654 от 18.12.20г. без НДС', 'Индивидуальный предприниматель ИП Моисеев Александр Владимирович'),
(37, 37, '124', 10560, '2021-02-03', 'Оплата за ГСМ на основании заявления Глянцева Павла Юрьевича согласно приказа №0-40-к от 02.02.2021г.л/сч 40817810018352664254 соотв с договорам 18355099 от 18.02.2013', 'Байкальский банк Сбербанка России,Иркутское отделение 8586'),
(38, 50, '171', 3283.2, '2021-02-04', 'Оплата за телефонный номер за январь 2021г.по счету № 452 от 31 января 2021г. Договор №12218 от 01.01.20г.в т.ч. НДС 547.20', 'Общество с ограниченной ответственностью \"ИРКУТСКЭНЕРГОСВЯЗЬ\"'),
(39, 49, '175', 17680.66, '2021-02-04', 'Оплата за выделенную линию Интернет за январь 2021г.по счету №242от 31 января 2021г. Договор №12217 от 11.01.21г.в т.ч  НДС 2946.78', 'Общество с ограниченной ответственностью \"ИРКУТСКЭНЕРГОСВЯЗЬ\"'),
(40, 50, '170', 1359, '2021-02-04', 'Зоновые переговоры за январь 2021г.по счету №826 от 31 января 2021г. Договор №12218 от 01.01.20г. без НДС', 'Общество с ограниченной ответственностью \"ИРКУТСКЭНЕРГОСВЯЗЬ\"'),
(41, 50, '174', 294.96, '2021-02-04', 'Услуги междугородной, внутризоновой связи ПАО \"Ростелеком\" за январь 2021г.по счету №1013 от 31 января 2021г. Договор №12218/21-РТК от 01.01.21г.в т.ч НДС 49.16', 'Общество с ограниченной ответственностью \"ИРКУТСКЭНЕРГОСВЯЗЬ\"'),
(42, 50, '172', 441.05, '2021-02-04', 'Услуги междугородной, международной связи за январь 2021г.по счету №954 от 31 января 2021г. Договор №12218/21-РТК от 01.01.21г.в т.ч  НДС 73.51', 'Общество с ограниченной ответственностью \"ИРКУТСКЭНЕРГОСВЯЗЬ\"'),
(43, 26, '197', 19792.55, '2021-02-07', 'Услуга по обращению с ТКО за январь 2021г. по счету №2104 от 31 января 2021г. без  НДС', 'Общество с ограниченной ответственностью \"Региональный северный оператор\"'),
(44, 31, '207', 7616, '2021-02-07', 'Оплата за заправку картриджа по счету №48 от 05 февраля 2021г.Договор №223/10 от 21.01.21г. без НДС', 'Индивидуальный предприниматель Шершенихин Руслан Валерьевич'),
(45, 44, '198', 56120, '2021-02-07', 'Оплата за мясо говядины по счету №4 от 01 февраля 2021г. Контракт №2020.4873 от 28.12.2020г. без НДС', 'Индивидуальный предприниматель ИП Аббасова Татьяна Васильевна'),
(46, 48, '193', 2250, '2021-02-07', 'Оплата за арматуру по счету № 36 от 28 января 2021г.Договор №223/13 от 28.01.21г. без НДС', 'Индивидуальный предприниматель Николенко Наталья Викторовна'),
(47, 37, '194', 7718, '2021-02-07', 'Оплата за ГСМ (масло) по счету №УТ-999 от 29 января 2021г. Договор №223/12 от 29.01.21г. без НДС', 'Индивидуальный предприниматель Овчинникова Марина Сергеевна'),
(48, 44, '196', 2400, '2021-02-07', 'Оплата за дрожжи по счету №12 от 28 января 2021г.Договор №223/07 от 28.01.21г. без НДС', 'Индивидуальный предприниматель Карнаухов Артем Викторович'),
(49, 43, '200', 11436.13, '2021-02-07', 'Оплата за творог с/ф №160 от 02.02.2021г. Контракт №2020.0108 от 21.12.2020г.без НДС', 'Сельскохозяйственный потребительский снабженческо-сбытовой перерабатывающий кооператив \"Шелеховское молоко\"'),
(50, 43, '199', 61879.32, '2021-02-07', 'Оплата за мясо свинины по счету №5 от 01 февраля 2021г. Контракт №2020.5313 от 27.01.2020г. без НДС', 'Индивидуальный предприниматель ИП Аббасова Татьяна Васильевной'),
(51, 44, '203', 171500, '2021-02-07', 'Оплата за  продукты по счету №11 от 01 февраля 2021г. Контракт №44/09 от 01.02.20г.без. НДС', 'Индивидуальный предприниматель Карнаухов Артем Викторович'),
(52, 35, '204', 442000, '2021-02-07', 'Оплата за уголь по счету №37 от 31 января 2021г. Контракт №2020.4654 от 18.12.20г. без НДС', 'Индивидуальный предприниматель ИП Моисеев Александр Владимирович'),
(53, 48, '191', 12548, '2021-02-07', 'Оплата за стройматериалы по счету №24 от 02 февраля 2021г.Договор №223/16 от 02.02.21г. без НДС', 'ООО \"Мастер\"'),
(54, 47, '195', 5610, '2021-02-07', 'Оплата за запчасти по счету №УТ-999 от 29 января 2021г. Договор №223/12 от 29.01.21г. без НДС', 'Индивидуальный предприниматель Овчинникова Марина Сергеевна'),
(55, 31, '208', 6000, '2021-02-07', 'Оплата за ремонт принтера по счету №47 от 05 февраля 2021г. Договор №223/19 от 05.02.21г. без НДС', 'Индивидуальный предприниматель Шершенихин Руслан Валерьевич'),
(56, 47, '228', 6000, '2021-02-07', 'Оплата за перчатки по счету № 41 от 02 февраля 2021г.Договор №223/15 от 02.02.21г. без НДС', 'Индивидуальный предприниматель Николенко Наталья Викторовна'),
(57, 47, '192', 25544, '2021-02-07', 'Оплата за хозтовары по счету №24 от 02 февраля 2021г.Договор №223/16 от 02.02.21г. без НДС', 'ООО \"Мастер\"'),
(58, 44, '201', 15697.29, '2021-02-07', 'Оплата за йогурт, ряженку,снежок с/ф №99 от 26.01.2021г. Контракт №2020.0109 от 21.12.2020г. без НДС', 'Сельскохозяйственный потребительский снабженческо-сбытовой перерабатывающий кооператив \"Шелеховское молоко\"'),
(59, 44, '202', 14613.54, '2021-02-07', 'Оплата за кефир, ряженку с/ф № 161 от 02.02.2021г. Контракт №2020.0109 от 21.12.2020г. без НДС', 'Сельскохозяйственный потребительский снабженческо-сбытовой перерабатывающий кооператив \"Шелеховское молоко\"'),
(60, 44, '273', 31296, '2021-02-11', 'Оплата за картофель по счету №115 от 03 февраля 2021г. Контракт №2020.0107 от 15.12.2020г. без НДС', 'ОБЩЕСТВО С ОГРАНИЧЕННОЙ ОТВЕТСТВЕННОСТЬЮ \"ФРУКТОВ\"'),
(61, 43, '269', 2265.94, '2021-02-11', 'Оплата за соль пищевую согласно счета №129 от 08 февраля 2021г. Контракт № 2020.0110 от 25.12.2020г. без НДС', 'Общество с ограниченной ответственностью «Сибирский продукт»'),
(62, 44, '271', 30154.24, '2021-02-11', 'Оплата за продукты согласно счета №133 от 08 февраля 2021г. Контракт № 2020.0114 от 25.12.2020г. без НДС', 'Общество с ограниченной ответственностью «Сибирский продукт»'),
(63, 43, '270', 83248.07, '2021-02-11', 'Оплата за продукты согласно счета №63 от 28 января 2021г. Контракт № 2020.0110 от 25.12.2020г. без НДС', 'Общество с ограниченной ответственностью «Сибирский продукт»'),
(64, 45, '278', 21390, '2021-02-11', 'Оплата за  нагрудный знак \"За милосердие\" по счету № 32 от 08 февраля 2021г. Договор №32 от 01.02.21г. без НДС', 'ОО \"Союз социальных работников Республики Саха(Якутия)'),
(65, 44, '272', 134028.26, '2021-02-11', 'Оплата за продукты согласно счета №64 от 28 января 2021г. Контракт № 2020.0114 от 25.12.2020г. без НДС', 'Общество с ограниченной ответственностью «Сибирский продукт»'),
(66, 27, '275', 8000, '2021-02-11', 'Оплата за информационно-консультационные услуги по счету №118 от 31 января 2021г. Договор №223/21 от 11.01.21г. без НДС', 'Индивидуальный предприниматель Аллянова Анастасия Александровна'),
(67, 48, '274', 3654, '2021-02-11', 'Оплата за  стройматериалы по счету № 43 от 02 февраля 2021г. Договор №223/17 от 02.02.21г. без НДС', 'Индивидуальный предприниматель Николенко Наталья Викторовна'),
(68, 29, '277', 31746.31, '2021-02-11', 'Оплата за  техническое обслуживание по счету № 43000010775 от 11января 2021г. Договор №351/44 от 11.01.21г. в т.ч. НДС 5291.05', 'Федеральное государственное унитарное предприятие \"Охрана\" Росгвардии'),
(69, 57, '286', 506921.57, '2021-02-15', 'Оплата за электроэнергию за январь 2021г. по счету №1007-328 от 31.01.2021г. Договор 328 от 25.01.2021г., в т.ч  НДС 88428.01', 'Общество с ограниченной ответственностью \"Иркутская Энергосбытовая компания\"'),
(70, 38, '295', 94500, '2021-02-16', 'Оплата за маски по счету № ЦБ -151 от 03 февраля 2021г. Контракт №44/11 от 01.02.21г. без НДС', 'Общество с ограниченной ответственностью \"ВЕЛЕС\"'),
(71, 37, '296', 75452, '2021-02-16', 'Оплата за бензин, дизельное топливо по с/ф №54 от 10 февраля 2021г Договор №223/1 от 01.01.2021г.в т.ч. НДС 12575.33', 'Индивидуальный предприниматель Чудинова Анна Владимировна'),
(72, 47, '293', 66953.6, '2021-02-16', 'Оплата за комбикорм по счету №18 от 09 февраля 2021г. Контракт №2020.0121 от 11.01.21г.без. НДС', 'Индивидуальный предприниматель Карнаухов Артем Викторович'),
(73, 48, '297', 1315, '2021-02-16', 'Оплата за строительные материалы согласно счета №33 от 10 февраля 2021г. по договору № 223/23 от 10.02.2021г. без НДС', 'Индивидуальный предприниматель Нефедова Наталья Александровна'),
(74, 43, '292', 185500, '2021-02-16', 'Оплата за молоко и сливки сухие по счету №2097 от 15 февраля 2021г. Контракт №44/04 от 01.02.21г. без НДС', 'Общество с ограниченной ответственностью \"Правильный выбор\"'),
(75, 47, '294', 43041.6, '2021-02-16', 'Оплата за комбикорм по счету №17 от 26 января 2021г. Контракт №2020.0121 от 11.01.21г.без. НДС', 'Индивидуальный предприниматель Карнаухов Артем Викторович'),
(76, 47, '299', 25800, '2021-02-16', 'Оплата за полотно к пиле для мяса ленточной согласно счета №42 от 15 февраля 2021г. по договору № 223/20 от 09.02.2021г. в т.ч.НДС 4300', 'Общество с ограниченной ответственностью \"ПРОЕКТ\"'),
(77, 44, '289', 15787.51, '2021-02-16', 'Оплата за йогурт, кефир,снежок с/ф №264 от 09.02.2021г. Контракт №2020.0109 от 21.12.2020г. без НДС', 'Сельскохозяйственный потребительский снабженческо-сбытовой перерабатывающий кооператив \"Шелеховское молоко\"'),
(78, 43, '291', 61697.32, '2021-02-16', 'Оплата за мясо свинины по счету №6 от 08 февраля 2021г. Контракт №2020.5313 от 27.01.2020г. без НДС', 'Индивидуальный предприниматель ИП Аббасова Татьяна Васильевной'),
(79, 47, '298', 1115, '2021-02-16', 'Оплата за хозтовары согласно счета №33 от 10 февраля 2021г. по договору № 223/23 от 10.02.2021г. без НДС', 'Индивидуальный предприниматель Нефедова Наталья Александровна'),
(80, 43, '290', 11436.13, '2021-02-16', 'Оплата за творог с/ф №263 от 09.02.2021г. Контракт №2020.0108 от 21.12.2020г.без НДС', 'Сельскохозяйственный потребительский снабженческо-сбытовой перерабатывающий кооператив \"Шелеховское молоко\"'),
(81, 44, '305', 56540.9, '2021-02-17', 'Оплата за мясо говядины по счету №7 от 16 февраля 2021г. Контракт №2020.4873 от 28.12.2020г. без НДС', 'Индивидуальный предприниматель ИП Аббасова Татьяна Васильевна'),
(82, 47, '308', 45890, '2021-02-17', 'Оплата за автозапчасти по счету №УТ-1716 от 17 февраля 2021г. Договор №223/25 от 17.02.21г. без НДС', 'Индивидуальный предприниматель Овчинникова Марина Сергеевна'),
(83, 43, '300', 17358, '2021-02-17', 'Оплата за мясо птицы по счету №16 от 12 февраля 2021г. Контракт №2020.0101 от 14.12.20г.без. НДС', 'Индивидуальный предприниматель Индивидуальный предприниматель Карнаухов Артем Викторович'),
(84, 44, '301', 157500, '2021-02-17', 'Оплата за  продукты по счету №13 от 12 февраля 2021г. Контракт №44/22 от 12.02.21г.без. НДС', 'Индивидуальный предприниматель Карнаухов Артем Викторович'),
(85, 47, '307', 2740, '2021-02-17', 'Оплата за автозапчасти по счету №35 от 17 февраля 2021г.Договор №223/26 от 17.02.2021г. без НДС', 'Индивидуальный предприниматель Мясников Сергей Геннадьевич'),
(86, 37, '306', 13605, '2021-02-17', 'Оплата за автомасла по счету №35 от 17 февраля 2021г.Договор №223/26 от 17.02.2021г. без НДС', 'Индивидуальный предприниматель Мясников Сергей Геннадьевич'),
(87, 37, '302', 21200, '2021-02-17', 'Оплата за  дизельное топливо по с/ф №55 от 10 февраля 2021г Договор №223/18 от 05.02.2021г.в т.ч. НДС 3533.33', 'Индивидуальный предприниматель Чудинова Анна Владимировна'),
(88, 42, '309', 16335, '2021-02-17', 'Оплата за рацию по счету № 251/1 от 17 февраля 2021г. Договор №223/27 от 17.02.21г. без НДС', 'Индивидуальный предприниматель Богданов Сергей Анатольевич'),
(89, 28, '303', 14225.81, '2021-02-17', 'Оплата за техническую инвентаризацию по счету № 15 от 15 января 2021г Договор №09.0004.21ТИ от 15.01.2021г.в т.ч. НДС 2370.97', 'ООО \"Земля и Право\"'),
(90, 48, '304', 9300, '2021-02-17', 'Оплата за  арматуру по счету № 49 от 09 февраля 2021г. Договор №223/24 от 09.02.21г. без НДС', 'Индивидуальный предприниматель Николенко Наталья Викторовна'),
(91, 38, '346', 94500, '2021-02-18', 'Оплата за маски по счету № ЦБ -151 от 03 февраля 2021г. Контракт №44/11 от 01.02.21г. без НДС', 'Общество с ограниченной ответственностью \"ВЕЛЕС\"'),
(92, 43, '374', 13000, '2021-02-25', 'Оплата за салат из морской капусты по счету №14 от 12 февраля 2021г. Контракт №2020.0105 от 14.12.20г.без. НДС', 'Индивидуальный предприниматель Индивидуальный предприниматель Карнаухов Артем Викторович'),
(93, 37, '372', 34263, '2021-02-25', 'Оплата за бензин по с/ф № 65 от 20 февраля 2021г Договор №223/1 от 01.01.2021г.в т.ч. НДС 5710.50', 'Индивидуальный предприниматель Чудинова Анна Владимировна'),
(94, 43, '373', 24680, '2021-02-25', 'Оплата за апельсины, мандарины по счету №117 от 03 февраля 2021г. Контракт №2020.0116 от 22.12.2020г. без НДС', 'ОБЩЕСТВО С ОГРАНИЧЕННОЙ ОТВЕТСТВЕННОСТЬЮ \"ФРУКТОВ\"'),
(95, 43, '375', 3402, '2021-02-25', 'Оплата за сметану по счету №19 от 12 февраля 2021г. Контракт №2020.0106 от 15.12.20г.без. НДС', 'Индивидуальный предприниматель Карнаухов Артем Викторович'),
(96, 43, '376', 11436.13, '2021-02-25', 'Оплата за творог с/ф № 290т 16.02.2021г. Контракт №2020.0108 от 21.12.2020г. без НДС', 'Сельскохозяйственный потребительский снабженческо-сбытовой перерабатывающий кооператив \"Шелеховское молоко\"'),
(97, 44, '377', 16158.98, '2021-02-25', 'Оплата за йогурт, кефир,снежок с/ф №291 от 16.02.2021г. Контракт №2020.0109 от 21.12.2020г. без НДС', 'Сельскохозяйственный потребительский снабженческо-сбытовой перерабатывающий кооператив \"Шелеховское молоко\"'),
(98, 29, '276', 1500, '2021-02-25', 'Оплата за техническое обслуживание 1 объектового прибора с мониторингом по счету № 1 от 31 января 2021г. Договор №1/21 от 11.01.21г. без НДС', 'Чунское РО ВДПО'),
(99, 38, '378', 25150, '2021-02-25', 'Оплата за ЭнцеВир вакцина клещевого энцефалита по счету № СЧ-00027656 от 16 февраля 2021г. Договор №223/29 от 22.02.21г. без НДС', 'Муниципальное унитарное предприяие \"Центральная районная аптека №135\"'),
(100, 37, '379', 6600, '2021-02-28', 'Оплата за ГСМ на основании заявления Алферова Сергея Витальевича согласно приказа №0-62-0 от 24.02.2021г.л/сч 40817810618353924542 соотв с договорам 18355099 от 18.02.2013', 'Байкальский банк Сбербанка России,Иркутское отделение 8586'),
(101, 37, '383', 893.81, '2021-02-28', 'Оплата за ГСМ на основании а/о №1 от 09.02.2021г. Захаревич Сергея Петровича л/сч 40817810718352498775 соотв с договорам 18355099 от 18.02.2013', 'Байкальский банк Сбербанка России,Иркутское отделение 8586'),
(102, 47, '387', 9526, '2021-03-02', 'Оплата за  а/шину по счету №УТ-1985 от 25 февраля 2021г. Договор №223/32 от 24.02.21г. без НДС', 'Индивидуальный предприниматель Овчинникова Марина Сергеевна'),
(103, 37, '390', 99.56, '2021-03-02', 'Оплата за ГСМ на основании заявления Алферова Сергея Витальевича  согласно а/отчета от 03.03.21г. л/сч 40817810618353924542 в соотв с договорам 18355099 от 18.02.2013', 'Байкальский банк Сбербанка России,Иркутское отделение 8586'),
(104, 44, '385', 35173, '2021-03-02', 'Оплата за диабетические продукты по счету № СЧ-00027713 от 22 февраля 2021г. Договор №223/29 от 22.02.21г. без НДС', 'Муниципальное унитарное предприяие \"Центральная районная аптека №135\"'),
(105, 29, '389', 31746.31, '2021-03-02', 'Оплата за техническое обслуживание по счету № 43000023903 от 01 февраля 2021г. Договор №351/44 от 11.01.21г. в т.ч. НДС 5291.05', 'Федеральное государственное унитарное предприятие \"Охрана\" Росгвардии'),
(106, 47, '386', 18750, '2021-03-02', 'Оплата за гидроцилиндр по счету №УТ-1963 от 24 февраля 2021г. Договор №223/32 от 24.02.21г. без НДС', 'Индивидуальный предприниматель Овчинникова Марина Сергеевна'),
(107, 29, '388', 1500, '2021-03-02', 'Оплата за техническое обслуживание 1 объектового прибора с мониторингом сигнала пожарной сигнализации объекта по счету №43 от 28 февраля 2021г. Договор №1/21 от 11.01.21г. без НДС', 'Чунское РО ВДПО'),
(108, 34, '384', 442000, '2021-03-02', 'Оплата за уголь по счету №72 от 25 февраля 2021г. Контракт №2020.4654 от 18.12.20г. без НДС', 'Индивидуальный предприниматель ИП Моисеев Александр Владимирович'),
(109, 44, '450', 164500, '2021-03-09', 'Оплата за продукты по счету № 35 от 27 февраля 2021г. Контракт №44/30 от 26.02.21г.без. НДС', 'Индивидуальный предприниматель Карнаухов Артем Викторович'),
(110, 43, '445', 25922.82, '2021-03-09', 'Оплата за минтай по счету №21 от 01 марта 2021г. Контракт №2020.0104 от 10.12.20г.без. НДС', 'Индивидуальный предприниматель Индивидуальный предприниматель Карнаухов Артем Викторович'),
(111, 50, '463', 463.01, '2021-03-09', 'Услуги междугородной внутризоновой связи ПАО \"Ростелеком\" за февраль 2021г.по счету №2066 от 28 февраля 2021г. Договор №12218/21-РТК от 01.01.21г.в т.ч НДС 77,17', 'Общество с ограниченной ответственностью \"ИРКУТСКЭНЕРГОСВЯЗЬ\"'),
(112, 31, '469', 38607.28, '2021-03-09', 'Оплата за техническое обслуживание медицинской техники за 1 кв 2021г. по счету №23/2100041 от 15 февраля 2021г. Договор №68-21/014МТ-21 от 25.01.21г. в т.ч. НДС 6434,55', 'УФК по Иркутской области (ФБУ \"ИРКУТСКИЙ ЦСМ\") л/с 20346Х28060'),
(113, 37, '452', 55123, '2021-03-09', 'Оплата за бензин, дизельное топливо по с/ф №81 от 28 февраля 2021г Договор №223/18 от 05.02.2021г.в т.ч. НДС 9187,17', 'Индивидуальный предприниматель Чудинова Анна Владимировна'),
(114, 37, '453', 282, '2021-03-09', 'Оплата за бензин по с/ф №80 от 28 февраля 2021г Договор №223/1 от 01.01.2021г.в т.ч. НДС 47,00', 'Индивидуальный предприниматель Чудинова Анна Владимировна'),
(115, 47, '459', 12196, '2021-03-09', 'Оплата за запчасти по счету №УТ-2135 от 01 марта 2021г. Договор №223/34 от 01.03.21г. без НДС', 'Индивидуальный предприниматель Овчинникова Марина Сергеевна'),
(116, 50, '465', 682.2, '2021-03-09', 'Зоновые переговоры за февраль 2021г.по счету №1881 от 28 февраля 2021г. Договор №12218 от 01.01.21г. в т.ч. НДС 113,70', 'Общество с ограниченной ответственностью \"ИРКУТСКЭНЕРГОСВЯЗЬ\"'),
(117, 43, '456', 13802.4, '2021-03-09', 'Оплата за майонез согласно счета №198 от 04 марта 2021г. Контракт № 2020.0098 от 14.12.2020г. без НДС', 'Общество с ограниченной ответственностью «Сибирский продукт»'),
(118, 50, '466', 3283.2, '2021-03-09', 'Оплата за телефонный номер за февраль 2021г.по счету № 1270 от 28 февраля 2021г. Договор №12218 от 01.01.21г.в т.ч. НДС 547.20', 'Общество с ограниченной ответственностью \"ИРКУТСКЭНЕРГОСВЯЗЬ\"'),
(119, 49, '467', 21828.56, '2021-03-09', 'Оплата за выделенную линию Интернет за февраль 2021г. по счету №1723 от 28 февраля 2021г. Договор №12217 от 11.01.21г. в т.ч  НДС 3638,09', 'Общество с ограниченной ответственностью \"ИРКУТСКЭНЕРГОСВЯЗЬ\"'),
(120, 43, '443', 3402, '2021-03-09', 'Оплата за сметану по счету №31 от 01 марта 2021г. Контракт №2020.0106 от 15.12.20г.без. НДС', 'Индивидуальный предприниматель Карнаухов Артем Викторович'),
(121, 43, '447', 42542.75, '2021-03-09', 'Оплата за маргарин, масло подсолнечное по счету № 96 от 24 февраля 2021г. Контракт №2020.0096 от 14.12.2020г.без НДС', 'Индивидуальный предприниматель ИП Галимжанова Ольга Николаевна'),
(122, 44, '454', 10978.74, '2021-03-09', 'Оплата за йогурт, ряженку с/ф № 478 от 02.03.2021г. Контракт №2020.0109 от 21.12.2020г. без НДС', 'Сельскохозяйственный потребительский снабженческо-сбытовой перерабатывающий кооператив \"Шелеховское молоко\"'),
(123, 28, '462', 13000, '2021-03-09', 'Оплата за оказание платных образовательных услуг по счету № 00000058 от 03 марта 2021г Договор № 223/33 от 01.03.2021г. без НДС', 'Министерство финансов Свердловской области (ГБУ СО \"ИнЭС\", л/с 23046904450)'),
(124, 26, '468', 19792.55, '2021-03-09', 'Услуга по обращению с ТКО за февраль 2021г. по счету №4821 от 28 февраля 2021г. без НДС', 'Общество с ограниченной ответственностью \"Региональный северный оператор\"'),
(125, 44, '446', 9396, '2021-03-09', 'Оплата за яйцо по счету №33 от 01 марта 2021г. Контракт №2020.0119 от 11.01.2021г.без. НДС', 'Индивидуальный предприниматель Карнаухов Артем Викторович'),
(126, 43, '458', 90092.98, '2021-03-09', 'Оплата за компот фруктовый согласно счета №214 от 25 февраля 2021г. Контракт № 2020.0110 от 25.12.2020г. без НДС', 'Общество с ограниченной ответственностью «Сибирский продукт»'),
(127, 44, '448', 2200, '2021-03-09', 'Оплата за лук репчатый по счету № 238 от 26 февраля 2021г. Контракт №2020.0103 от 14.12.2020г. без НДС', 'ОБЩЕСТВО С ОГРАНИЧЕННОЙ ОТВЕТСТВЕННОСТЬЮ \"ФРУКТОВ\"'),
(128, 44, '449', 72232, '2021-03-09', 'Оплата за консервы рыбные согласно счета №213 от 25 февраля 2021г. Контракт № 2020.0117 от 28.12.2020г. без НДС', 'Общество с ограниченной ответственностью «Сибирский продукт»'),
(129, 37, '451', 1600, '2021-03-09', 'Оплата за  дизельное топливо по с/ф №55 от 10 февраля 2021г Договор №223/18 от 05.02.2021г.в т.ч. НДС 266,67', 'Индивидуальный предприниматель Чудинова Анна Владимировна'),
(130, 44, '455', 39120, '2021-03-09', 'Оплата за картофель по счету №259 от 03 марта 2021г. Контракт №2020.0107 от 15.12.2020г. без НДС', 'ОБЩЕСТВО С ОГРАНИЧЕННОЙ ОТВЕТСТВЕННОСТЬЮ \"ФРУКТОВ\"'),
(131, 47, '461', 1100, '2021-03-09', 'Оплата за бланочную продукцию (журналы) согласно счета № 15 от 15 февраля 2021г. по договору № б/н от 15.02.2021г. без НДС', 'Общество с ограниченной ответственностью \"Северный край\"'),
(132, 50, '464', 879.72, '2021-03-09', 'Услуги междугородной, международной связи за февраль 2021г.по счету №2011 от 28 февраля 2021г. Договор №12218/21-РТК от 01.01.21г.в т.ч  НДС 146,62', 'Общество с ограниченной ответственностью \"ИРКУТСКЭНЕРГОСВЯЗЬ\"'),
(133, 44, '503', 100500, '2021-03-15', 'Оплата за продукты по счету № 41 от 11 марта 2021г. Контракт №44/38 от 11.03.21г.без. НДС', 'Индивидуальный предприниматель Карнаухов Артем Викторович'),
(134, 47, '523', 13771, '2021-03-16', 'Оплата за хозтовары согласно счета №73 от 15 марта 2021г. по договору № б/н от 15.03.2021г. без НДС', 'Индивидуальный предприниматель Нефедова Наталья Александровна'),
(135, 26, '525', 21183.36, '2021-03-16', 'Оплата за прием сточных вод за февраль 2021г. по счету №137 от 28 февраля 2021г. Договор № 20/21 от 11.01.2021г., без НДС', 'Общество с ограниченной ответственностью \"Центральная котельная\"'),
(136, 30, '526', 583509.95, '2021-03-16', 'Оплата за выполнение работ по текущему ремонту гаража по счету №3/01 от 15 марта 2021г. Договор №223/37 от 01.03.2021г. без НДС', 'ИП Панамарчук Павел Юрьевич'),
(137, 43, '517', 11157.2, '2021-03-16', 'Оплата за творог с/ф № 522 09.03.2021г. Контракт №2020.0108 от 21.12.2020г. без НДС', 'Сельскохозяйственный потребительский снабженческо-сбытовой перерабатывающий кооператив \"Шелеховское молоко\"'),
(138, 27, '527', 5940, '2021-03-16', 'Оплата за ЭПС \"Система Гарант\" за февраль 2021 по счету № ГС000001042 от 12 февраля 2021г. Договор №3287 от 01.02.2021г. без НДС', 'Общество с ограниченной ответственностью \"Гарант-Специалист\"'),
(139, 31, '508', 1092.44, '2021-03-16', 'Оплата за техническое обслуживание объекта за январь-февраль 2021 счет № 43000010771 от 11.01.2021г., счет 43000023901 от 01.02.2021г., Договор №350 от 11.01.21г. в т.ч. НДС 182,08', 'Федеральное государственное унитарное предприятие \"Охрана\" Росгвардии'),
(140, 43, '514', 56360, '2021-03-16', 'Оплата за сахар по счету №40 от 11 марта 2021г. Контракт №2020.0095 от 09.12.20г. без НДС', 'Индивидуальный предприниматель Индивидуальный предприниматель Карнаухов Артем Викторович'),
(141, 44, '516', 8576, '2021-03-16', 'Оплата за капусту белокочанную, свеклу столовую по счету № 318 от 11 марта 2021г. Контракт №2020.0103 от 14.12.2020г. без НДС', 'ОБЩЕСТВО С ОГРАНИЧЕННОЙ ОТВЕТСТВЕННОСТЬЮ \"ФРУКТОВ\"'),
(142, 31, '521', 4760, '2021-03-16', 'Оплата за заправку картриджа по счету №115 от 16 марта 2021г.Договор №223/10 от 21.01.21г. без НДС', 'Индивидуальный предприниматель Шершенихин Руслан Валерьевич'),
(143, 47, '528', 20770, '2021-03-16', 'Оплата за журналы, книги учета, ведомости согласно счета №283 от 11 марта 2021г. по договору № 223/40 от 11.03.2021г. без НДС', 'ООО \"ПОЛИГРАФИСТ\"'),
(144, 43, '512', 6943.2, '2021-03-16', 'Оплата за мясо птицы по счету №42 от 11 марта 2021г. Контракт №2020.0101 от 14.12.20г. без НДС', 'Индивидуальный предприниматель Индивидуальный предприниматель Карнаухов Артем Викторович'),
(145, 44, '518', 16472.08, '2021-03-16', 'Оплата за кефир, ряженку, снежок с/ф №523 от 09.03.2021г. Контракт №2020.0109 от 21.12.2020г. без НДС', 'Сельскохозяйственный потребительский снабженческо-сбытовой перерабатывающий кооператив \"Шелеховское молоко\"'),
(146, 48, '520', 3240, '2021-03-16', 'Оплата за стройматериалы по счету № 79 от 04 марта 2021г. Договор №223/36 от 04.03.21г. без НДС', 'Индивидуальный предприниматель Николенко Наталья Викторовна'),
(147, 42, '529', 3480, '2021-03-16', 'Оплата за электронные термометры по счету № СЧ-00027787 от 04 марта 2021г. Договор №223/35 от 04.03.21г. без НДС', 'Муниципальное унитарное предприяие \"Центральная районная аптека №135\"'),
(148, 26, '524', 24733.98, '2021-03-16', 'Оплата за прием сточных вод за январь 2021г. по счету №114 от 31 января 2021г. Договор № 20/21 от 11.01.2021г., без НДС', 'Общество с ограниченной ответственностью \"Центральная котельная\"'),
(149, 28, '509', 5616, '2021-03-16', 'Оплата за пультовую охрану за январь-февраль 2021 счет № 43000010772 от 11.01.2021г., счет 43000023902 от 01.02.2021г., Договор №350 от 11.01.21г. в т.ч. НДС 936,00', 'Федеральное государственное унитарное предприятие \"Охрана\" Росгвардии'),
(150, 44, '511', 17496, '2021-03-16', 'Оплата за яйцо по счету №37 от 11 марта 2021г. Контракт №2020.0119 от 11.01.2021г. без НДС', 'Индивидуальный предприниматель Карнаухов Артем Викторович'),
(151, 44, '515', 25006.3, '2021-03-16', 'Оплата за горбушу с/м по счету №32 от 01 марта 2021г. Контракт №2020.0118 от 21.12.20г. без НДС', 'Индивидуальный предприниматель Карнаухов Артем Викторович'),
(152, 48, '522', 990, '2021-03-16', 'Оплата за строительные материалы согласно счета №73 от 15 марта 2021г. по договору № б/н от 15.03.2021г. без НДС', 'Индивидуальный предприниматель Нефедова Наталья Александровна'),
(153, 44, '510', 56120, '2021-03-16', 'Оплата за мясо говядины по счету №9 от 02 марта 2021г. Контракт №2020.4873 от 28.12.2020г. без НДС', 'Индивидуальный предприниматель ИП Аббасова Татьяна Васильевна'),
(154, 44, '513', 29212.5, '2021-03-16', 'Оплата за муку по счету №39 от 11 марта 2021г. Контракт №2020.0100 от 10.12.20г. без НДС', 'Индивидуальный предприниматель Индивидуальный предприниматель Карнаухов Артем Викторович'),
(155, 57, '519', 354632.99, '2021-03-16', 'Оплата за электроэнергию за февраль 2021г. по с/ф №1965-328 от 28.02.2021г. Договор 328 от 25.01.2021г., в т.ч  НДС 59105,50', 'Общество с ограниченной ответственностью \"Иркутская Энергосбытовая компания\"'),
(156, 48, '590', 140, '2021-03-22', 'Оплата за стройматериалы по счету № 90 от 19 марта 2021г. Договор №223/47 от 19.03.21г. без НДС', 'Индивидуальный предприниматель Николенко Наталья Викторовна'),
(157, 43, '593', 29924.37, '2021-03-22', 'Оплата за печенье по счету № 4921 от 19 марта 2021г. Контракт №2020.0112 от 21.12.2020г. в т.ч. НДС 4987,40', 'Общество с ограниченной ответственностью \"КМК\"'),
(158, 47, '591', 2900, '2021-03-22', 'Оплата за хозтовары по счету № 90 от 19 марта 2021г. Договор №223/47 от 19.03.21г. без НДС', 'Индивидуальный предприниматель Николенко Наталья Викторовна'),
(159, 47, '592', 1787.5, '2021-03-22', 'Оплата за хозтовары по счету № 88 от 19 марта 2021г. Договор №223/47 от 19.03.21г. без НДС', 'Индивидуальный предприниматель Николенко Наталья Викторовна'),
(160, 31, '596', 5313.74, '2021-03-22', 'Оплата за дезинсекцию помещений по счету №00000074 от 20 февраля 2021г. Договор №144-г/д от 01.02.21г. в т.ч. НДС 885,62', 'УФК по Иркутской области (ФБУЗ \"Центр гигиены и эпидемиологии в Иркутской области\", л/с 20346U39860)'),
(161, 38, '589', 414, '2021-03-22', 'Оплата за медикаменты по счету №0000-000053 от 02 марта 2021г. Договор №9 от 11.01.21г. в т.ч. НДС 64,29', 'областное государственное бюджетное учреждение \"Тайшетская станция по борьбе с болезнями животных\"'),
(162, 38, '584', 48, '2021-03-22', 'Оплата за глюкозу по счету №0000-000068 от 10 марта 2021г. Договор №10 от 10.03.21г. в т.ч. НДС 8,00', 'областное государственное бюджетное учреждение \"Тайшетская станция по борьбе с болезнями животных\"'),
(163, 47, '585', 2480, '2021-03-22', 'Оплата за корм по счету №0000-000068 от 10 марта 2021г. Договор №10 от 10.03.21г. в т.ч. НДС 409,70', 'областное государственное бюджетное учреждение \"Тайшетская станция по борьбе с болезнями животных\"'),
(164, 43, '586', 11709.6, '2021-03-22', 'Оплата за апельсины по счету № 317 от 11 марта 2021г. Контракт №2020.0116 от 22.12.2020г. без НДС', 'ОБЩЕСТВО С ОГРАНИЧЕННОЙ ОТВЕТСТВЕННОСТЬЮ \"ФРУКТОВ\"'),
(165, 31, '587', 8775, '2021-03-22', 'Оплата за ветеринарные услуги по счету №0000-000052 от 02 марта 2021г. Договор №21а от 26.02.21г. в т.ч. НДС 1462,50', 'областное государственное бюджетное учреждение \"Тайшетская станция по борьбе с болезнями животных\"'),
(166, 47, '588', 824, '2021-03-22', 'Оплата за перчатки и бирки по счету №0000-000053 от 02 марта 2021г. Договор №9 от 11.01.21г. в т.ч. НДС 137,33', 'областное государственное бюджетное учреждение \"Тайшетская станция по борьбе с болезнями животных\"');

--
-- Индексы сохранённых таблиц
--

--
-- Индексы таблицы `bills`
--
ALTER TABLE `bills`
  ADD PRIMARY KEY (`id`),
  ADD KEY `deal_id` (`deal_id`);

--
-- Индексы таблицы `deals`
--
ALTER TABLE `deals`
  ADD PRIMARY KEY (`id`),
  ADD KEY `deals_ibfk_1` (`limit_id`);

--
-- Индексы таблицы `limits`
--
ALTER TABLE `limits`
  ADD PRIMARY KEY (`id`);

--
-- Индексы таблицы `payments`
--
ALTER TABLE `payments`
  ADD PRIMARY KEY (`id`),
  ADD KEY `limit_id` (`limit_id`);

--
-- AUTO_INCREMENT для сохранённых таблиц
--

--
-- AUTO_INCREMENT для таблицы `bills`
--
ALTER TABLE `bills`
  MODIFY `id` int(11) NOT NULL AUTO_INCREMENT, AUTO_INCREMENT=252;

--
-- AUTO_INCREMENT для таблицы `deals`
--
ALTER TABLE `deals`
  MODIFY `id` int(11) NOT NULL AUTO_INCREMENT, AUTO_INCREMENT=203;

--
-- AUTO_INCREMENT для таблицы `limits`
--
ALTER TABLE `limits`
  MODIFY `id` int(11) NOT NULL AUTO_INCREMENT, AUTO_INCREMENT=62;

--
-- AUTO_INCREMENT для таблицы `payments`
--
ALTER TABLE `payments`
  MODIFY `id` int(11) NOT NULL AUTO_INCREMENT, AUTO_INCREMENT=167;

--
-- Ограничения внешнего ключа сохраненных таблиц
--

--
-- Ограничения внешнего ключа таблицы `bills`
--
ALTER TABLE `bills`
  ADD CONSTRAINT `bills_ibfk_1` FOREIGN KEY (`deal_id`) REFERENCES `deals` (`id`) ON DELETE CASCADE ON UPDATE CASCADE;

--
-- Ограничения внешнего ключа таблицы `deals`
--
ALTER TABLE `deals`
  ADD CONSTRAINT `deals_ibfk_1` FOREIGN KEY (`limit_id`) REFERENCES `limits` (`id`) ON DELETE CASCADE ON UPDATE CASCADE;

--
-- Ограничения внешнего ключа таблицы `payments`
--
ALTER TABLE `payments`
  ADD CONSTRAINT `payments_ibfk_1` FOREIGN KEY (`limit_id`) REFERENCES `limits` (`id`) ON DELETE CASCADE ON UPDATE CASCADE;
COMMIT;

/*!40101 SET CHARACTER_SET_CLIENT=@OLD_CHARACTER_SET_CLIENT */;
/*!40101 SET CHARACTER_SET_RESULTS=@OLD_CHARACTER_SET_RESULTS */;
/*!40101 SET COLLATION_CONNECTION=@OLD_COLLATION_CONNECTION */;
